{"ARSON": 0.7114435547540611,
 "ASSAULT": 0.9095475520230152,
 "BAD CHECKS": 1.4281917605523335,
 "BRIBERY": 0.5347053824697605,
 "BURGLARY": 1.2209733956996107,
 "DISORDERLY CONDUCT": 1.038656682169044,
 "DRIVING UNDER THE INFLUENCE": 0.7219371451485669,
 "DRUG/NARCOTIC": 0.3343449837582535,
 "DRUNKENNESS": 1.2340665446827987,
 "EMBEZZLEMENT": 1.5535609457702908,
 "EXTORTION": 1.9657046755692613,
 "FAMILY OFFENSES": 0.47955967003294336,
 "FORGERY/COUNTERFEITING": 1.0964262841532249,
 "FRAUD": 1.3952302421433551,
 "GAMBLING": 1.878534965000271,
 "KIDNAPPING": 0.8059016922712243,
 "LARCENY/THEFT": 1.4657437136563192,
 "LIQUOR LAWS": 0.6714146595191678,
 "LOITERING": 0.6428689979122,
 "MISSING PERSON": 0.5390746137950552,
 "NON-CRIMINAL": 1.1901243210438353,
 "OTHER OFFENSES": 0.7316115852637339,
 "PORNOGRAPHY/OBSCENE MAT": 1.0008587928280133,
 "PROSTITUTION": 1.0726147320806294,
 "RECOVERED VEHICLE": 0.6263165220639025,
 "ROBBERY": 0.9158375382198952,
 "RUNAWAY": 0.20460486395121222,
 "SECONDARY CODES": 0.7354111939362757,
 "SEX OFFENSES, FORCIBLE": 0.8852710064025302,
 "SEX OFFENSES, NON FORCIBLE": 0.2668956780874702,
 "STOLEN PROPERTY": 1.1736244355423977,
 "SUICIDE": 1.1251264952932363,
 "SUSPICIOUS OCC": 0.9248710260404055,
 "TREA": 1.5397827581969437,
 "TRESPASS": 1.2484820844943225,
 "VANDALISM": 1.0435672675920318,
 "VEHICLE THEFT": 0.7869600142311504,
 "WARRANTS": 0.6918466381218964,
 "WEAPON LAWS": 0.5737630124818729}